Workbook

Sheet Instruction 
A2: 1.0 INSTRUCTIONS
B4: 1.1 | C4: Instructions for using the spreadsheet are given below:
B5: Task | C5: Resolution
B6: Spreadsheet naming convention: | C6: Sample format: sponsor_protocol number_Lab and ECG Contact Report Spreadsheet
B7: How to create a new spreadsheet in SharePoint. Version and access controls have been established within SharePoint giving edit right only to members of Medical Services. | C7: For instructions with screen shots: Go to MSS Contact Report Spreadsheet SharePoint (https://quintiles.sharepoint.com/sites/MSS_Contact_Report_Spread_Sheet/SitePages/Home.aspx) > Documents > Open "MSS Contact Report Spreadsheets Instructions" in Sharepoint >
B8: How to modify footer | C8: This footer information must be retained in the protocol specific spreadsheet: CS_TP_MS00_ Revision X Effective Date: dd mmm yyyy
B9: Please do not change the column titles as this must be validated through our compliance office. | C9: QA requirement.
B10: To add a new line within a cell | C10: Press ALT/Enter
B11: Each analyte should be on a new line to add in searchablilty | C11: Do not merge the contact report section as searching function on creation of summary tables on medical meetings is lost.
B12: Dates should stay in dd-mmm-yy format. Do not change. | C12: Highlight cell; Select Home Tab; Select Number; Select Format Cells; Select Number; Date; 14-Mar-01
B13: To copy a format from one cell to another (i.e., copying numeric decimal format easily) | C13: Highlight cell you want to copy; select paint brush; select new cell
B14: The analyte value default is whole number so you will need to add decimal places as needed. To create correct format for the numeric values, i.e., ALT = whole number, HbA1c = 1 decimal place, creat = 2 decimal places) | C14: Highlight cell; Select Home Tab; Select Number; Select Format Cells; Select Number; Decimal Places (change for the appropriate value) or Highlight cell; Select Home Tab; Go to Number box and select left arrow with .0.00 and this will add decimals to the value.
B15: Drop down List | C15: The drop down lists are currently available for Gender, Lab/ECG,Alerts, Status,Reason For Open Query,Outcome,Reason for outcome. Please select one option from the list provided for the dropdown.
B16: DO NOT DELETE ANY ROWS | C16: As drop down lists data is put in the further end, deletion of any rows will impact the drop down list. Do not delete any rows, in case data has to be deleted, please use clear contents function by selecting only the affected relevant cells
B18: Eligibility Review Tracker (to be retained if scoped for eligibility review in the study)
B20: Instructions:
B21: Country: | C21: Enter the Country of the Screened subject
B22: Site Number: | C22: Enter the Site Number of the Screened subject
B23: Subject Number: | C23: Enter the Subject number of the Screened subject
B24: PI Name: | C24: Enter the PI name for the site
B25: Screening Date: | C25: Enter the Screening date of the Screened subject. Screening date can be obtained from the centralized monitor, or EDC notification etc. This needs to be set up during start up
B26: Internal cutoff date: | C26: This date must be determined by the lead based on the screening Period. For Ex: if Screening Period is 28 days. Internal cut off date can be kept approximately 10 days. Primary should follow up an any missing data by this date
B27: Due date for Randomization: | C27: This date can be obtained from the Clinical Monitor or any centralized tracker maintained by the clinical team or it can be screening date plus screening period
B29: The below mentioned tabs to be added and modified based on the scope:
B30: Based on the Scope Lab data/ECG data/CSSR data/ conmeds/medical history /any additional scope the below headers can be modified and added to the tracker
B32: Data Availability: | C32: This tab is to keep a check on completeness of the report. This can be marked either Complete (all required data for review of eligibility are available) or incomplete (if data is missing or cancelled). An incomplete status would require follow up until the status is changed to complete
B33: Data details: | C33: All the details regarding the respective Lab/ECG/additional scope need to be tracked here (Parameters queried to site, Missing sample tracking etc.)
B34: All responses received from Site: | C34: This must be marked either Yes/No based on the response received from the site
B36: Approval Status Tracking:
B37: The subject can be approved only after data availability tab is marked “Complete” and all response received from site tab is marked “Yes”. (Can be modified by the lead on study basis)
B39: MSS Final eligibility Status: | C39: Mark Approved or Rejected Based on Review
B40: Date of Approval Mail Sent: | C40: Track the date of approval mail sent
B42: Comments:
B43: THE CONTENTS OF COLUMNS WITH HEADERS IN 'GREEN' TO BE SHARED WITH IQVIA STUDY TEAM
B45: For studies scoped for additional (eg.C-SSRS, conmeds, medical history) reviews, additional columns can be introducted from Column-O onwards at start-up
B46: 1.2 | C46: DELETE: 1)"This Tab (INSTRUCTION)", "Summary", "Eligibility Review Tracker if not scoped", "Acronym List" TAB FROM THE NEWLY CREATED PROTOCOL-SPECIFIC SPREADSHEET. 2)The Grey Coloumns in "Lab and ECG Contact Report " tab before sharing it with the respective stake holders.

Sheet Summary
A1: Status | B1: Count | D1: Outcome | E1: Count
A2: Closed | B2: =COUNTIFS('Lab & ECG Contact Report'!$U$5:$U$1048576,Summary!$A2) -> 0 | D2: Clinically not significant | E2: =COUNTIFS('Lab & ECG Contact Report'!$X$5:$X$1048576,Summary!$D2,'Lab & ECG Contact Report'!$U$5:$U$1048576,Summary!$A$2) -> 0
A3: Open | B3: =COUNTIFS('Lab & ECG Contact Report'!$U$5:$U$1048576,Summary!$A3) -> 0 | D3: Clinically significant | E3: =COUNTIFS('Lab & ECG Contact Report'!$X$5:$X$1048576,Summary!$D3,'Lab & ECG Contact Report'!$U$5:$U$1048576,Summary!$A$2) -> 0
A4: Grand Total | B4: =SUM(B2:B3) -> 0 | D4: Screen failed | E4: =COUNTIFS('Lab & ECG Contact Report'!$X$5:$X$1048576,Summary!$D4,'Lab & ECG Contact Report'!$U$5:$U$1048576,Summary!$A$2) -> 0
D5: Grand Total | E5: =SUM(E2:E4) -> 0
A7: Reason of open queries | B7: Count | D7: Open Query_Internal/ External factors | E7: Count
A8: Awaiting Response | B8: =COUNTIFS('Lab & ECG Contact Report'!$V$5:$V$1048576,Summary!$A8,'Lab & ECG Contact Report'!$U$5:$U$1048576,Summary!$A$3) -> 0 | D8: Internal | E8: =COUNTIFS('Lab & ECG Contact Report'!$W$5:$W$1048576,Summary!$D8,'Lab & ECG Contact Report'!$U$5:$U$1048576,Summary!$A$3) -> 0
A9: TMA Guidance sought | B9: =COUNTIFS('Lab & ECG Contact Report'!$V$5:$V$1048576,Summary!$A9,'Lab & ECG Contact Report'!$U$5:$U$1048576,Summary!$A$3) -> 0 | D9: External | E9: =COUNTIFS('Lab & ECG Contact Report'!$W$5:$W$1048576,Summary!$D9,'Lab & ECG Contact Report'!$U$5:$U$1048576,Summary!$A$3) -> 0
A10: Escalated to TMA/CPM | B10: =COUNTIFS('Lab & ECG Contact Report'!$V$5:$V$1048576,Summary!$A10,'Lab & ECG Contact Report'!$U$5:$U$1048576,Summary!$A$3) -> 0 | D10: Grand Total | E10: =SUM(E8:E9) -> 0
A11: Awaiting Patient Status report | B11: =COUNTIFS('Lab & ECG Contact Report'!$V$5:$V$1048576,Summary!$A11,'Lab & ECG Contact Report'!$U$5:$U$1048576,Summary!$A$3) -> 0
A12: Awaiting re-test results | B12: =COUNTIFS('Lab & ECG Contact Report'!$V$5:$V$1048576,Summary!$A12,'Lab & ECG Contact Report'!$U$5:$U$1048576,Summary!$A$3) -> 0 | D12: Type of Alert | E12: Count
A13: Awaiting consultant opinion | B13: =COUNTIFS('Lab & ECG Contact Report'!$V$5:$V$1048576,Summary!$A13,'Lab & ECG Contact Report'!$U$5:$U$1048576,Summary!$A$3) -> 0 | D13: Critical | E13: =COUNTIFS('Lab & ECG Contact Report'!$S$5:$S$1048576,Summary!$D13,'Lab & ECG Contact Report'!$U$5:$U$1048576,Summary!$A$3) -> 0
A14: Following up of values until normalization | B14: =COUNTIFS('Lab & ECG Contact Report'!$V$5:$V$1048576,Summary!$A14,'Lab & ECG Contact Report'!$U$5:$U$1048576,Summary!$A$3) -> 0 | D14: Non-Critical | E14: =COUNTIFS('Lab & ECG Contact Report'!$S$5:$S$1048576,Summary!$D14,'Lab & ECG Contact Report'!$U$5:$U$1048576,Summary!$A$3) -> 0
A15: Grand Total | B15: =SUM(B8:B14) -> 0 | D15: Cancelled | E15: =COUNTIFS('Lab & ECG Contact Report'!$S$5:$S$1048576,Summary!$D15,'Lab & ECG Contact Report'!$U$5:$U$1048576,Summary!$A$3) -> 0
D16: Grand Total | E16: =SUM(E13:E15) -> 0
A18: Count of the Open Queries | B18: Critical | C18: Non-Critical | D18: Cancelled | E18: Total
A19: No of open queries ≥ 60 days | B19: =COUNTIFS('Lab & ECG Contact Report'!$AD$5:$AD$1048576,">=60",'Lab & ECG Contact Report'!$U$5:$U$1048576,Summary!$A$3,'Lab & ECG Contact Report'!$S$5:$S$1048576,$D$13) -> 0 | C19: =COUNTIFS('Lab & ECG Contact Report'!$AD$5:$AD$1048576,">=60",'Lab & ECG Contact Report'!$U$5:$U$1048576,Summary!$A$3,'Lab & ECG Contact Report'!$S$5:$S$1048576,$D$14) -> 0 | D19: =COUNTIFS('Lab & ECG Contact Report'!$AD$5:$AD$1048576,">=60",'Lab & ECG Contact Report'!$U$5:$U$1048576,Summary!$A$3,'Lab & ECG Contact Report'!$S$5:$S$1048576,$D$15) -> 0 | E19: =SUM(B19:D19) -> 0
A20: No of open queries ≥ 30 days and <=60 | B20: =COUNTIFS('Lab & ECG Contact Report'!$AD$5:$AD$1048576,">=30",'Lab & ECG Contact Report'!$AD$5:$AD$1048576,"<=60",'Lab & ECG Contact Report'!$U$5:$U$1048576,Summary!$A$3,'Lab & ECG Contact Report'!$S$5:$S$1048576,$D$13) -> 0 | C20: =COUNTIFS('Lab & ECG Contact Report'!$AD$5:$AD$1048576,">=30",'Lab & ECG Contact Report'!$AD$5:$AD$1048576,"<=60",'Lab & ECG Contact Report'!$U$5:$U$1048576,Summary!$A$3,'Lab & ECG Contact Report'!$S$5:$S$1048576,$D$14) -> 0 | D20: =COUNTIFS('Lab & ECG Contact Report'!$AD$5:$AD$1048576,">=30",'Lab & ECG Contact Report'!$AD$5:$AD$1048576,"<=60",'Lab & ECG Contact Report'!$U$5:$U$1048576,Summary!$A$3,'Lab & ECG Contact Report'!$S$5:$S$1048576,$D$15) -> 0 | E20: =SUM(B20:D20) -> 0 | F20: <=60
A21: No of open queries < 30 days | B21: =COUNTIFS('Lab & ECG Contact Report'!$AD$5:$AD$1048576,"<30",'Lab & ECG Contact Report'!$U$5:$U$1048576,Summary!$A$3,'Lab & ECG Contact Report'!$S$5:$S$1048576,$D$13) -> 0 | C21: =COUNTIFS('Lab & ECG Contact Report'!$AD$5:$AD$1048576,"<30",'Lab & ECG Contact Report'!$U$5:$U$1048576,Summary!$A$3,'Lab & ECG Contact Report'!$S$5:$S$1048576,$D$14) -> 0 | D21: =COUNTIFS('Lab & ECG Contact Report'!$AD$5:$AD$1048576,"<30",'Lab & ECG Contact Report'!$U$5:$U$1048576,Summary!$A$3,'Lab & ECG Contact Report'!$S$5:$S$1048576,$D$15) -> 0 | E21: =SUM(B21:D21) -> 0 | F21: >0
A24: Age of the Query | B24: Critical | C24: Non-Critical | D24: Cancelled | E24: Total
A25: Age of the queries >=15 and <=30 | B25: =COUNTIFS('Lab & ECG Contact Report'!$AE$5:$AE$1048576,">=15",'Lab & ECG Contact Report'!$AE$5:$AE$1048576,"<=30",'Lab & ECG Contact Report'!$U$5:$U$1048576,Summary!$A$3,'Lab & ECG Contact Report'!$S$5:$S$1048576,$D$13) -> 0 | C25: =COUNTIFS('Lab & ECG Contact Report'!$AE$5:$AE$1048576,">=15",'Lab & ECG Contact Report'!$AE$5:$AE$1048576,"<=30",'Lab & ECG Contact Report'!$U$5:$U$1048576,Summary!$A$3,'Lab & ECG Contact Report'!$S$5:$S$1048576,$D$14) -> 0 | D25: =COUNTIFS('Lab & ECG Contact Report'!$AE$5:$AE$1048576,">=15",'Lab & ECG Contact Report'!$AE$5:$AE$1048576,"<=30",'Lab & ECG Contact Report'!$U$5:$U$1048576,Summary!$A$3,'Lab & ECG Contact Report'!$S$5:$S$1048576,$D$15) -> 0 | E25: =SUM(B25:D25) -> 0 | F25: <=30
A26: Age of the queries >=30 | B26: =COUNTIFS('Lab & ECG Contact Report'!$AE$5:$AE$1048576,">=30",'Lab & ECG Contact Report'!$U$5:$U$1048576,Summary!$A$3,'Lab & ECG Contact Report'!$S$5:$S$1048576,$D$13) -> 0 | C26: =COUNTIFS('Lab & ECG Contact Report'!$AE$5:$AE$1048576,">=30",'Lab & ECG Contact Report'!$U$5:$U$1048576,Summary!$A$3,'Lab & ECG Contact Report'!$S$5:$S$1048576,$D$14) -> 0 | D26: =COUNTIFS('Lab & ECG Contact Report'!$AE$5:$AE$1048576,">=30",'Lab & ECG Contact Report'!$U$5:$U$1048576,Summary!$A$3,'Lab & ECG Contact Report'!$S$5:$S$1048576,$D$15) -> 0 | E26: =SUM(B26:D26) -> 0
A28: Age from last follow ups | B28: Critical | C28: Non-Critical | D28: Cancelled | E28: Total
A29: Age of the queries >=5 | B29: =COUNTIFS('Lab & ECG Contact Report'!$AJ$5:$AJ$1048576,">=5",'Lab & ECG Contact Report'!$U$5:$U$1048576,Summary!$A$3,'Lab & ECG Contact Report'!$S$5:$S$1048576,$D$13) -> 0 | C29: =COUNTIFS('Lab & ECG Contact Report'!$AJ$5:$AJ$1048576,">=5",'Lab & ECG Contact Report'!$U$5:$U$1048576,Summary!$A$3,'Lab & ECG Contact Report'!$S$5:$S$1048576,$D$14) -> 0 | D29: =COUNTIFS('Lab & ECG Contact Report'!$AJ$5:$AJ$1048576,">=5",'Lab & ECG Contact Report'!$U$5:$U$1048576,Summary!$A$3,'Lab & ECG Contact Report'!$S$5:$S$1048576,$D$15) -> 0 | E29: =SUM(B29:D29) -> 0

Sheet Lab & ECG Contact Report
C1: SPONSOR: | I1: PROTOCOL:
C2: MSS Activities begun on(dd-mmm-yyyy): (comments if any) | G2: dd-mmm-yyyy :
G3: CPM - | L3: Medical Advisor:
AA4: Columns W to AI (Greyed Columns) are for INTERNAL PURPOSES ONLY; Share a copy of the Contact Report Sheet without these columns to stakeholders
A5: Region | B5: Country | C5: Site Number | D5: Investigator Name | E5: Patient Number | F5: Gender | G5: Year of Birth (yyyy) | H5: Visit | I5: Specimen Collection Date (dd-mmm-yy) | J5: Dataset | K5: Panel | L5: Parameter | M5: Value | N5: Unit | O5: Reference Range LLN | P5: Reference Range ULN | Q5: Baseline Value | R5: Flagging/Toxicity Grading if applicable | S5: Type of Alerts | T5: Alert Criteria | U5: Status | V5: Reason For Open Query | W5: Open Query_ Internal/External factors | X5: Outcome | Y5: Reason for Outcome | Z5: Contact Report Information (To add a new line, press ALT/Enter) | AA5: Contacted By (MSS Name) | AB5: Lab reviewed on (dd-mmm-yy) | AC5: First contact on (dd-mmm-yy) | AD5: Age of the Open Site contact | AE5: Age of the Query | AF5: First Follow up Date(dd-mmm-yy) | AG5: Second Follow up Date(dd-mmm-yy) | AH5: Escalated to CPM/informed TMA (dd-mmm-yy) | AI5: Last Follow-up on(dd-mmm-yy) | AJ5: Age from Last Follow-up | AK5: Resolution/Closure Date (dd-mmm-yy) | AL5: No. of times Follow-up done | AM5: Moved to eTMF (dd-mmm-yy) | AN5: Comments | AQ5: Gender | AR5: Status | AS5: Alerts | AT5: Parameters | AU5: Reason for open queries | AW5: Outcome | AY5: Reason for Outcome
W6: =IFERROR(VLOOKUP($V6,$AU$5:$AV$13,2,0),"") | AD6: =IF($U6="Closed","",(IF($AC6=0,"",(IF(OR($AI6="",$AI6="Enter the date"),NETWORKDAYS($AC6,TODAY()),NETWORKDAYS($AC6,$AI6)))))) | AE6: =IF(AND($U6="Open",OR($AI6="",$AI6="Enter the date")),$AD6,IFERROR($AD6+$AJ6,"")) | AI6: =IF($AC6="","",(IF($AH6=0,IF($AG6=0,IF($AF6=0,"Enter the date",$AF6),$AG6),$AH6))) | AJ6: =IF($U6="Closed","",IF(AI6="","",(IF($AI6="Enter The date","",(NETWORKDAYS($AI6,TODAY()))-1)))) | AQ6: M | AR6: Open | AS6: Critical | AT6: LAB | AU6: Awaiting Response | AV6: Internal | AW6: Clinically not significant | AY6: Retest- normal/acceptable results | BF6: Awaiting Response | BG6: Internal
W7: =IFERROR(VLOOKUP($V7,$AU$5:$AV$13,2,0),"") | AD7: =IF($U7="Closed","",(IF($AC7=0,"",(IF(OR($AI7="",$AI7="Enter the date"),NETWORKDAYS($AC7,TODAY()),NETWORKDAYS($AC7,$AI7)))))) | AE7: =IF(AND($U7="Open",OR($AI7="",$AI7="Enter the date")),$AD7,IFERROR($AD7+$AJ7,"")) | AI7: =IF($AC7="","",(IF($AH7=0,IF($AG7=0,IF($AF7=0,"Enter the date",$AF7),$AG7),$AH7))) | AJ7: =IF($U7="Closed","",IF(AI7="","",(IF($AI7="Enter The date","",(NETWORKDAYS($AI7,TODAY()))-1)))) | AQ7: F | AR7: Closed | AS7: Non-Critical | AT7: ECG | AU7: TMA Guidance sought | AV7: Internal | AW7: Clinically significant | AY7: Withdrawn from study | BF7: TMA Guidance sought | BG7: Internal
W8: =IFERROR(VLOOKUP($V8,$AU$5:$AV$13,2,0),"") | AD8: =IF($U8="Closed","",(IF($AC8=0,"",(IF(OR($AI8="",$AI8="Enter the date"),NETWORKDAYS($AC8,TODAY()),NETWORKDAYS($AC8,$AI8)))))) | AE8: =IF(AND($U8="Open",OR($AI8="",$AI8="Enter the date")),$AD8,IFERROR($AD8+$AJ8,"")) | AI8: =IF($AC8="","",(IF($AH8=0,IF($AG8=0,IF($AF8=0,"Enter the date",$AF8),$AG8),$AH8))) | AJ8: =IF($U8="Closed","",IF(AI8="","",(IF($AI8="Enter The date","",(NETWORKDAYS($AI8,TODAY()))-1)))) | AU8: Escalated to TMA/CPM | AV8: External | AW8: Screen failed | AY8: Associated With AE/SAE | BF8: Escalated to TMA/CPM | BG8: External
W9: =IFERROR(VLOOKUP($V9,$AU$5:$AV$13,2,0),"") | AD9: =IF($U9="Closed","",(IF($AC9=0,"",(IF(OR($AI9="",$AI9="Enter the date"),NETWORKDAYS($AC9,TODAY()),NETWORKDAYS($AC9,$AI9)))))) | AE9: =IF(AND($U9="Open",OR($AI9="",$AI9="Enter the date")),$AD9,IFERROR($AD9+$AJ9,"")) | AI9: =IF($AC9="","",(IF($AH9=0,IF($AG9=0,IF($AF9=0,"Enter the date",$AF9),$AG9),$AH9))) | AJ9: =IF($U9="Closed","",IF(AI9="","",(IF($AI9="Enter The date","",(NETWORKDAYS($AI9,TODAY()))-1)))) | AU9: Awaiting Patient Status report | AV9: Internal | AY9: Study drug interrupted | BF9: Awaiting Patient Status report | BG9: Internal
W10: =IFERROR(VLOOKUP($V10,$AU$5:$AV$13,2,0),"") | AD10: =IF($U10="Closed","",(IF($AC10=0,"",(IF(OR($AI10="",$AI10="Enter the date"),NETWORKDAYS($AC10,TODAY()),NETWORKDAYS($AC10,$AI10)))))) | AE10: =IF(AND($U10="Open",OR($AI10="",$AI10="Enter the date")),$AD10,IFERROR($AD10+$AJ10,"")) | AI10: =IF($AC10="","",(IF($AH10=0,IF($AG10=0,IF($AF10=0,"Enter the date",$AF10),$AG10),$AH10))) | AJ10: =IF($U10="Closed","",IF(AI10="","",(IF($AI10="Enter The date","",(NETWORKDAYS($AI10,TODAY()))-1)))) | AU10: Awaiting re-test results | AV10: External | AY10: Change in study drug dose | BF10: Awaiting re-test results | BG10: External
W11: =IFERROR(VLOOKUP($V11,$AU$5:$AV$13,2,0),"") | AD11: =IF($U11="Closed","",(IF($AC11=0,"",(IF(OR($AI11="",$AI11="Enter the date"),NETWORKDAYS($AC11,TODAY()),NETWORKDAYS($AC11,$AI11)))))) | AE11: =IF(AND($U11="Open",OR($AI11="",$AI11="Enter the date")),$AD11,IFERROR($AD11+$AJ11,"")) | AI11: =IF($AC11="","",(IF($AH11=0,IF($AG11=0,IF($AF11=0,"Enter the date",$AF11),$AG11),$AH11))) | AJ11: =IF($U11="Closed","",IF(AI11="","",(IF($AI11="Enter The date","",(NETWORKDAYS($AI11,TODAY()))-1)))) | AU11: Awaiting consultant opinion | AV11: Internal | AY11: Associated With Medical History | BF11: Awaiting consultant opinion | BG11: Internal
W12: =IFERROR(VLOOKUP($V12,$AU$5:$AV$13,2,0),"") | AD12: =IF($U12="Closed","",(IF($AC12=0,"",(IF(OR($AI12="",$AI12="Enter the date"),NETWORKDAYS($AC12,TODAY()),NETWORKDAYS($AC12,$AI12)))))) | AE12: =IF(AND($U12="Open",OR($AI12="",$AI12="Enter the date")),$AD12,IFERROR($AD12+$AJ12,"")) | AI12: =IF($AC12="","",(IF($AH12=0,IF($AG12=0,IF($AF12=0,"Enter the date",$AF12),$AG12),$AH12))) | AJ12: =IF($U12="Closed","",IF(AI12="","",(IF($AI12="Enter The date","",(NETWORKDAYS($AI12,TODAY()))-1)))) | AU12: Following up of values until normalization | AV12: External | AY12: Due to disease progression | BF12: Following up of values until normalization | BG12: External
W13: =IFERROR(VLOOKUP($V13,$AU$5:$AV$13,2,0),"") | AD13: =IF($U13="Closed","",(IF($AC13=0,"",(IF(OR($AI13="",$AI13="Enter the date"),NETWORKDAYS($AC13,TODAY()),NETWORKDAYS($AC13,$AI13)))))) | AE13: =IF(AND($U13="Open",OR($AI13="",$AI13="Enter the date")),$AD13,IFERROR($AD13+$AJ13,"")) | AI13: =IF($AC13="","",(IF($AH13=0,IF($AG13=0,IF($AF13=0,"Enter the date",$AF13),$AG13),$AH13))) | AJ13: =IF($U13="Closed","",IF(AI13="","",(IF($AI13="Enter The date","",(NETWORKDAYS($AI13,TODAY()))-1)))) | AU13: NA | AY13: NA | BF13: NA
W14: =IFERROR(VLOOKUP($V14,$AU$5:$AV$13,2,0),"") | AD14: =IF($U14="Closed","",(IF($AC14=0,"",(IF(OR($AI14="",$AI14="Enter the date"),NETWORKDAYS($AC14,TODAY()),NETWORKDAYS($AC14,$AI14)))))) | AE14: =IF(AND($U14="Open",OR($AI14="",$AI14="Enter the date")),$AD14,IFERROR($AD14+$AJ14,"")) | AI14: =IF($AC14="","",(IF($AH14=0,IF($AG14=0,IF($AF14=0,"Enter the date",$AF14),$AG14),$AH14))) | AJ14: =IF($U14="Closed","",IF(AI14="","",(IF($AI14="Enter The date","",(NETWORKDAYS($AI14,TODAY()))-1))))
W15: =IFERROR(VLOOKUP($V15,$AU$5:$AV$13,2,0),"") | AD15: =IF($U15="Closed","",(IF($AC15=0,"",(IF(OR($AI15="",$AI15="Enter the date"),NETWORKDAYS($AC15,TODAY()),NETWORKDAYS($AC15,$AI15)))))) | AE15: =IF(AND($U15="Open",OR($AI15="",$AI15="Enter the date")),$AD15,IFERROR($AD15+$AJ15,"")) | AI15: =IF($AC15="","",(IF($AH15=0,IF($AG15=0,IF($AF15=0,"Enter the date",$AF15),$AG15),$AH15))) | AJ15: =IF($U15="Closed","",IF(AI15="","",(IF($AI15="Enter The date","",(NETWORKDAYS($AI15,TODAY()))-1))))
W16: =IFERROR(VLOOKUP($V16,$AU$5:$AV$13,2,0),"") | AD16: =IF($U16="Closed","",(IF($AC16=0,"",(IF(OR($AI16="",$AI16="Enter the date"),NETWORKDAYS($AC16,TODAY()),NETWORKDAYS($AC16,$AI16)))))) | AE16: =IF(AND($U16="Open",OR($AI16="",$AI16="Enter the date")),$AD16,IFERROR($AD16+$AJ16,"")) | AI16: =IF($AC16="","",(IF($AH16=0,IF($AG16=0,IF($AF16=0,"Enter the date",$AF16),$AG16),$AH16))) | AJ16: =IF($U16="Closed","",IF(AI16="","",(IF($AI16="Enter The date","",(NETWORKDAYS($AI16,TODAY()))-1))))
W17: =IFERROR(VLOOKUP($V17,$AU$5:$AV$13,2,0),"") | AD17: =IF($U17="Closed","",(IF($AC17=0,"",(IF(OR($AI17="",$AI17="Enter the date"),NETWORKDAYS($AC17,TODAY()),NETWORKDAYS($AC17,$AI17)))))) | AE17: =IF(AND($U17="Open",OR($AI17="",$AI17="Enter the date")),$AD17,IFERROR($AD17+$AJ17,"")) | AI17: =IF($AC17="","",(IF($AH17=0,IF($AG17=0,IF($AF17=0,"Enter the date",$AF17),$AG17),$AH17))) | AJ17: =IF($U17="Closed","",IF(AI17="","",(IF($AI17="Enter The date","",(NETWORKDAYS($AI17,TODAY()))-1))))
W18: =IFERROR(VLOOKUP($V18,$AU$5:$AV$13,2,0),"") | AD18: =IF($U18="Closed","",(IF($AC18=0,"",(IF(OR($AI18="",$AI18="Enter the date"),NETWORKDAYS($AC18,TODAY()),NETWORKDAYS($AC18,$AI18)))))) | AE18: =IF(AND($U18="Open",OR($AI18="",$AI18="Enter the date")),$AD18,IFERROR($AD18+$AJ18,"")) | AI18: =IF($AC18="","",(IF($AH18=0,IF($AG18=0,IF($AF18=0,"Enter the date",$AF18),$AG18),$AH18))) | AJ18: =IF($U18="Closed","",IF(AI18="","",(IF($AI18="Enter The date","",(NETWORKDAYS($AI18,TODAY()))-1))))
W19: =IFERROR(VLOOKUP($V19,$AU$5:$AV$13,2,0),"") | AD19: =IF($U19="Closed","",(IF($AC19=0,"",(IF(OR($AI19="",$AI19="Enter the date"),NETWORKDAYS($AC19,TODAY()),NETWORKDAYS($AC19,$AI19)))))) | AE19: =IF(AND($U19="Open",OR($AI19="",$AI19="Enter the date")),$AD19,IFERROR($AD19+$AJ19,"")) | AI19: =IF($AC19="","",(IF($AH19=0,IF($AG19=0,IF($AF19=0,"Enter the date",$AF19),$AG19),$AH19))) | AJ19: =IF($U19="Closed","",IF(AI19="","",(IF($AI19="Enter The date","",(NETWORKDAYS($AI19,TODAY()))-1))))
W20: =IFERROR(VLOOKUP($V20,$AU$5:$AV$13,2,0),"") | AD20: =IF($U20="Closed","",(IF($AC20=0,"",(IF(OR($AI20="",$AI20="Enter the date"),NETWORKDAYS($AC20,TODAY()),NETWORKDAYS($AC20,$AI20)))))) | AE20: =IF(AND($U20="Open",OR($AI20="",$AI20="Enter the date")),$AD20,IFERROR($AD20+$AJ20,"")) | AI20: =IF($AC20="","",(IF($AH20=0,IF($AG20=0,IF($AF20=0,"Enter the date",$AF20),$AG20),$AH20))) | AJ20: =IF($U20="Closed","",IF(AI20="","",(IF($AI20="Enter The date","",(NETWORKDAYS($AI20,TODAY()))-1))))
W21: =IFERROR(VLOOKUP($V21,$AU$5:$AV$13,2,0),"") | AD21: =IF($U21="Closed","",(IF($AC21=0,"",(IF(OR($AI21="",$AI21="Enter the date"),NETWORKDAYS($AC21,TODAY()),NETWORKDAYS($AC21,$AI21)))))) | AE21: =IF(AND($U21="Open",OR($AI21="",$AI21="Enter the date")),$AD21,IFERROR($AD21+$AJ21,"")) | AI21: =IF($AC21="","",(IF($AH21=0,IF($AG21=0,IF($AF21=0,"Enter the date",$AF21),$AG21),$AH21))) | AJ21: =IF($U21="Closed","",IF(AI21="","",(IF($AI21="Enter The date","",(NETWORKDAYS($AI21,TODAY()))-1))))
W22: =IFERROR(VLOOKUP($V22,$AU$5:$AV$13,2,0),"") | AD22: =IF($U22="Closed","",(IF($AC22=0,"",(IF(OR($AI22="",$AI22="Enter the date"),NETWORKDAYS($AC22,TODAY()),NETWORKDAYS($AC22,$AI22)))))) | AE22: =IF(AND($U22="Open",OR($AI22="",$AI22="Enter the date")),$AD22,IFERROR($AD22+$AJ22,"")) | AI22: =IF($AC22="","",(IF($AH22=0,IF($AG22=0,IF($AF22=0,"Enter the date",$AF22),$AG22),$AH22))) | AJ22: =IF($U22="Closed","",IF(AI22="","",(IF($AI22="Enter The date","",(NETWORKDAYS($AI22,TODAY()))-1))))
W23: =IFERROR(VLOOKUP($V23,$AU$5:$AV$13,2,0),"") | AD23: =IF($U23="Closed","",(IF($AC23=0,"",(IF(OR($AI23="",$AI23="Enter the date"),NETWORKDAYS($AC23,TODAY()),NETWORKDAYS($AC23,$AI23)))))) | AE23: =IF(AND($U23="Open",OR($AI23="",$AI23="Enter the date")),$AD23,IFERROR($AD23+$AJ23,"")) | AI23: =IF($AC23="","",(IF($AH23=0,IF($AG23=0,IF($AF23=0,"Enter the date",$AF23),$AG23),$AH23))) | AJ23: =IF($U23="Closed","",IF(AI23="","",(IF($AI23="Enter The date","",(NETWORKDAYS($AI23,TODAY()))-1))))
W24: =IFERROR(VLOOKUP($V24,$AU$5:$AV$13,2,0),"") | AD24: =IF($U24="Closed","",(IF($AC24=0,"",(IF(OR($AI24="",$AI24="Enter the date"),NETWORKDAYS($AC24,TODAY()),NETWORKDAYS($AC24,$AI24)))))) | AE24: =IF(AND($U24="Open",OR($AI24="",$AI24="Enter the date")),$AD24,IFERROR($AD24+$AJ24,"")) | AI24: =IF($AC24="","",(IF($AH24=0,IF($AG24=0,IF($AF24=0,"Enter the date",$AF24),$AG24),$AH24))) | AJ24: =IF($U24="Closed","",IF(AI24="","",(IF($AI24="Enter The date","",(NETWORKDAYS($AI24,TODAY()))-1))))
W25: =IFERROR(VLOOKUP($V25,$AU$5:$AV$13,2,0),"") | AD25: =IF($U25="Closed","",(IF($AC25=0,"",(IF(OR($AI25="",$AI25="Enter the date"),NETWORKDAYS($AC25,TODAY()),NETWORKDAYS($AC25,$AI25)))))) | AE25: =IF(AND($U25="Open",OR($AI25="",$AI25="Enter the date")),$AD25,IFERROR($AD25+$AJ25,"")) | AI25: =IF($AC25="","",(IF($AH25=0,IF($AG25=0,IF($AF25=0,"Enter the date",$AF25),$AG25),$AH25))) | AJ25: =IF($U25="Closed","",IF(AI25="","",(IF($AI25="Enter The date","",(NETWORKDAYS($AI25,TODAY()))-1))))
... W500: =IFERROR(VLOOKUP($V500,$AU$5:$AV$13,2,0),"") | AD500: =IF($U500="Closed","",(IF($AC500=0,"",(IF(OR($AI500="",$AI500="Enter the date"),NETWORKDAYS($AC500,TODAY()),NETWORKDAYS($AC500,$AI500)))))) | AE500: =IF(AND($U500="Open",OR($AI500="",$AI500="Enter the date")),$AD500,IFERROR($AD500+$AJ500,"")) | AI500: =IF($AC500="","",(IF($AH500=0,IF($AG500=0,IF($AF500=0,"Enter the date",$AF500),$AG500),$AH500))) | AJ500: =IF($U500="Closed","",IF(AI500="","",(IF($AI500="Enter The date","",(NETWORKDAYS($AI500,TODAY()))-1))))
W501: =IFERROR(VLOOKUP($V501,$AU$5:$AV$13,2,0),"")

Sheet Eligibility Review Tracker
A3: Country | B3: Site number | C3: Subject number | D3: PI name | E3: Screening date | F3: Internal Due date (+10 days) | G3: Due date for randomization | H3: Details on Lab Data Availability | I3: Lab Data Availability | J3: Lab data details | K3: All Responses Received for Lab Queries from site | L3: Details on ECG Data availability | M3: ECG Data availability | N3: ECG data Details | O3: All Responses Received for ECG Queries from site | P3: MSS Final Eligibilty approval Status | Q3: Date of Approval/rejection mail to CM

Sheet Acronym List
A2: Acronym | B2: Meaning
A3: A/A or AA | B3: African American
A4: AE | B4: Adverse Event
A5: b/c | B5: Because
A6: BID | B6: Twice A Day
A7: cc | B7: Concomitant
A8: conmeds | B8: Concomitant Medication
A9: CPM | B9: Clinical Project Manager
A10: CRA | B10: Clinical Research Associate
A11: CRF | B11: Case Report/Record Form
A12: CS | B12: Clinically Significant
A13: CTA | B13: IQVIA – Clinical Trial Associate
... A62: WRR | B62: Within Reference Range
